User ID,Name,Gender,Age,Skills I Want,Category (Skills I Want),Skills I Have,Category (Skills I Have),Availability
1,Zain Aslam,Female,21,Food Decoration,Culinary Skills,Time Management & Productivity,Personal Development,"Friday, Saturday"
2,Bilal Arif,Female,22,Event Planning,Personal Development,Calligraphy,Creative Skills,"Monday, Sunday"
3,Ahmed Qadir,Male,23,Web Design & Development,Technical Skills,Calligraphy,Creative Skills,"Friday, Wednesday, Sunday"
4,Hina Farooq,Male,18,IT Support & Networking,Technical Skills,Data Analysis & Visualization,Technical Skills,"Friday, Sunday, Wednesday, Saturday, Tuesday"
5,Junaid Tariq,Female,21,Web Design & Development,Technical Skills,Fitness & Yoga,Personal Development,"Thursday, Tuesday, Friday"
6,Faisal Qadir,Male,21,Data Analysis & Visualization,Technical Skills,Dancing (Salsa),Hobbies & Recreation,"Monday, Saturday"
7,Shahid Rehman,Female,21,Fitness & Yoga,Personal Development,Dancing (Salsa),Hobbies & Recreation,"Thursday, Wednesday"
8,Asim Qadir,Female,21,Gardening & Landscaping,Hobbies & Recreation,Event Planning,Personal Development,"Friday, Wednesday"
9,Samina Khan,Male,18,Gardening & Landscaping,Hobbies & Recreation,Chess,Hobbies & Recreation,"Sunday, Thursday, Wednesday, Tuesday"
10,Sara Shah,Male,21,Time Management & Productivity,Personal Development,Gardening & Landscaping,Hobbies & Recreation,"Thursday, Friday, Wednesday, Saturday, Tuesday"
11,Omar Shah,Female,24,Programming & Software Development,Technical Skills,IT Support & Networking,Technical Skills,"Friday, Sunday, Saturday"
12,Sara Mustafa,Male,24,Data Analysis & Visualization,Technical Skills,Sewing,Hobbies & Recreation,"Sunday, Wednesday, Monday, Saturday, Friday"
13,Nida Abbas,Male,21,Programming & Software Development,Technical Skills,Baking & Cooking,Culinary Skills,"Sunday, Saturday, Tuesday"
14,Hina Malik,Male,22,Web Design & Development,Technical Skills,Foreign Languages (English),Languages & Communication,"Friday, Wednesday, Saturday, Thursday, Tuesday"
15,Sara Tariq,Male,23,IT Support & Networking,Technical Skills,Sewing,Hobbies & Recreation,"Saturday, Friday, Thursday"
16,Junaid Jamil,Male,22,Web Design & Development,Technical Skills,Painting & Drawing,Creative Skills,"Wednesday, Tuesday"
17,Hassan Abbas,Male,22,Data Analysis & Visualization,Technical Skills,Photography,Creative Skills,"Sunday, Friday, Tuesday, Wednesday"
18,Iqra Qadir,Female,23,Writing for Business,Languages & Communication,Foreign Languages (English),Languages & Communication,"Friday, Thursday"
19,Asim Arif,Female,23,Calligraphy,Creative Skills,Foreign Languages (English),Languages & Communication,"Thursday, Tuesday"
20,Ali Rahman,Female,23,Fitness & Yoga,Personal Development,Foreign Languages (English),Languages & Communication,"Thursday, Saturday, Friday, Wednesday"
21,Faisal Malik,Male,20,Food Decoration,Culinary Skills,Baking & Cooking,Culinary Skills,"Monday, Sunday"
22,Bilal Iqbal,Female,20,Calligraphy,Creative Skills,Writing for Business,Languages & Communication,"Thursday, Friday"
23,Hina Iqbal,Female,21,Mindfulness & Wellness,Personal Development,Time Management & Productivity,Personal Development,"Thursday, Friday, Saturday, Tuesday"
24,Asim Rahman,Male,19,Writing for Business,Languages & Communication,IT Support & Networking,Technical Skills,"Sunday, Thursday"
25,Naveed Siddiqui,Female,23,Chess,Hobbies & Recreation,Food Decoration,Culinary Skills,"Tuesday, Saturday"
26,Zara Siddiqui,Male,19,Mindfulness & Wellness,Personal Development,Gardening & Landscaping,Hobbies & Recreation,"Wednesday, Saturday, Monday, Sunday, Tuesday"
27,Omar Raza,Male,18,Painting & Drawing,Creative Skills,Gardening & Landscaping,Hobbies & Recreation,"Friday, Thursday, Saturday, Tuesday, Sunday"
28,Junaid Hussain,Male,20,Dancing (Salsa),Hobbies & Recreation,Fitness & Yoga,Personal Development,"Friday, Monday, Sunday, Wednesday"
29,Shireen Mansoor,Female,18,Web Design & Development,Technical Skills,Painting & Drawing,Creative Skills,"Friday, Saturday, Wednesday, Sunday, Monday"
30,Bilal Tariq,Female,19,Public Speaking & Presentation Skills,Languages & Communication,Baking & Cooking,Culinary Skills,"Thursday, Wednesday"
31,Muhammad Shah,Female,18,Photography,Creative Skills,Graphic Design,Creative Skills,"Saturday, Thursday, Sunday, Wednesday, Monday"
32,Noor Malik,Female,24,Painting & Drawing,Creative Skills,Chess,Hobbies & Recreation,"Wednesday, Tuesday"
33,Hassan Qureshi,Male,21,Gardening & Landscaping,Hobbies & Recreation,Writing for Business,Languages & Communication,"Thursday, Tuesday, Friday"
34,Anum Asad,Male,24,Data Analysis & Visualization,Technical Skills,Foreign Languages (English),Languages & Communication,"Monday, Wednesday"
35,Taha Malik,Male,18,Calligraphy,Creative Skills,Writing for Business,Languages & Communication,"Thursday, Monday, Saturday"
36,Hamza Siddiqui,Female,24,Public Speaking & Presentation Skills,Languages & Communication,Mindfulness & Wellness,Personal Development,"Thursday, Tuesday, Sunday, Friday"
37,Usman Mehmood,Male,20,IT Support & Networking,Technical Skills,Gardening & Landscaping,Hobbies & Recreation,"Monday, Thursday, Friday"
38,Hina Ahmed,Female,23,Food Decoration,Culinary Skills,Writing for Business,Languages & Communication,"Saturday, Thursday, Monday, Friday"
39,Laiba Qureshi,Female,22,Calligraphy,Creative Skills,IT Support & Networking,Technical Skills,"Monday, Sunday, Saturday, Wednesday"
40,Hamza Abbas,Male,23,Time Management & Productivity,Personal Development,Gardening & Landscaping,Hobbies & Recreation,"Thursday, Saturday"
41,Rabia Abbas,Female,24,Mindfulness & Wellness,Personal Development,Foreign Languages (English),Languages & Communication,"Wednesday, Tuesday, Saturday"
42,Ayesha Faraz,Male,19,Baking & Cooking,Culinary Skills,Photography,Creative Skills,"Friday, Monday, Saturday"
43,Danish Khalid,Female,24,Chess,Hobbies & Recreation,Dancing (Salsa),Hobbies & Recreation,"Tuesday, Wednesday, Saturday"
44,Omar Khan,Female,23,Mindfulness & Wellness,Personal Development,Sewing,Hobbies & Recreation,"Thursday, Wednesday, Friday, Tuesday"
45,Usman Iqbal,Female,22,Public Speaking & Presentation Skills,Languages & Communication,Photography,Creative Skills,"Saturday, Thursday, Monday, Wednesday"
46,Saba Qadir,Male,23,Writing for Business,Languages & Communication,Graphic Design,Creative Skills,"Wednesday, Tuesday, Saturday, Thursday, Sunday"
47,Samina Rahman,Male,23,Food Decoration,Culinary Skills,Public Speaking & Presentation Skills,Languages & Communication,"Thursday, Monday, Tuesday, Sunday, Saturday"
48,Noor Jamil,Male,19,IT Support & Networking,Technical Skills,Sewing,Hobbies & Recreation,"Tuesday, Sunday, Friday, Thursday, Saturday"
49,Laiba Ahmed,Male,21,Gardening & Landscaping,Hobbies & Recreation,Food Decoration,Culinary Skills,"Monday, Sunday, Thursday, Saturday"
50,Hassan Anwar,Male,18,Baking & Cooking,Culinary Skills,Sewing,Hobbies & Recreation,"Monday, Sunday, Wednesday, Saturday, Friday"
51,Zain Faraz,Female,19,Event Planning,Personal Development,Calligraphy,Creative Skills,"Saturday, Wednesday"
52,Sania Abbas,Female,23,Graphic Design,Creative Skills,Writing for Business,Languages & Communication,"Thursday, Sunday, Saturday"
53,Ahmed Ali,Male,18,Fitness & Yoga,Personal Development,Baking & Cooking,Culinary Skills,"Saturday, Sunday, Tuesday, Monday, Thursday"
54,Ali Hussain,Female,21,Mindfulness & Wellness,Personal Development,Writing for Business,Languages & Communication,"Friday, Wednesday, Saturday, Tuesday, Sunday"
55,Junaid Abbas,Female,19,Baking & Cooking,Culinary Skills,Fitness & Yoga,Personal Development,"Tuesday, Sunday, Wednesday"
56,Naveed Iqbal,Male,18,Public Speaking & Presentation Skills,Languages & Communication,Mindfulness & Wellness,Personal Development,"Tuesday, Monday, Saturday"
57,Laiba Mehmood,Female,18,Programming & Software Development,Technical Skills,Web Design & Development,Technical Skills,"Wednesday, Sunday, Saturday, Thursday"
58,Ali Qadir,Male,22,Graphic Design,Creative Skills,Painting & Drawing,Creative Skills,"Monday, Thursday, Tuesday"
59,Hassan Rafiq,Male,18,Dancing (Salsa),Hobbies & Recreation,Photography,Creative Skills,"Wednesday, Saturday, Tuesday, Monday, Thursday"
60,Samina Javed,Female,20,Programming & Software Development,Technical Skills,Data Analysis & Visualization,Technical Skills,"Thursday, Saturday"
61,Usman Akhtar,Female,18,Time Management & Productivity,Personal Development,Writing for Business,Languages & Communication,"Monday, Friday"
62,Muhammad Farooq,Female,22,Baking & Cooking,Culinary Skills,Photography,Creative Skills,"Monday, Tuesday, Wednesday, Saturday"
63,Nida Mustafa,Female,23,Dancing (Salsa),Hobbies & Recreation,Graphic Design,Creative Skills,"Tuesday, Saturday, Wednesday, Friday"
64,Samina Tariq,Male,19,Fitness & Yoga,Personal Development,Programming & Software Development,Technical Skills,"Tuesday, Sunday"
65,Mehreen Arif,Male,20,Photography,Creative Skills,Writing for Business,Languages & Communication,"Monday, Thursday, Wednesday, Saturday"
66,Nida Siddiqui,Female,21,Sewing,Hobbies & Recreation,Calligraphy,Creative Skills,"Saturday, Sunday, Wednesday, Friday"
67,Fatima Mansoor,Female,22,Time Management & Productivity,Personal Development,Chess,Hobbies & Recreation,"Sunday, Wednesday, Friday, Tuesday, Thursday"
68,Rashid Mansoor,Male,18,Foreign Languages (English),Languages & Communication,Mindfulness & Wellness,Personal Development,"Monday, Tuesday"
69,Zubair Faraz,Male,24,Event Planning,Personal Development,Graphic Design,Creative Skills,"Saturday, Sunday, Tuesday, Monday"
70,Saba Rahman,Male,18,Graphic Design,Creative Skills,Food Decoration,Culinary Skills,"Wednesday, Friday, Tuesday, Sunday"
71,Mahira Iqbal,Female,22,Data Analysis & Visualization,Technical Skills,Foreign Languages (English),Languages & Communication,"Thursday, Tuesday, Wednesday"
72,Noor Mehmood,Female,23,Painting & Drawing,Creative Skills,Data Analysis & Visualization,Technical Skills,"Sunday, Monday, Tuesday"
73,Hina Abbas,Male,21,Mindfulness & Wellness,Personal Development,Sewing,Hobbies & Recreation,"Sunday, Monday, Saturday, Tuesday, Friday"
74,Noor Arif,Female,20,Writing for Business,Languages & Communication,Public Speaking & Presentation Skills,Languages & Communication,"Sunday, Friday, Tuesday, Saturday"
75,Laiba Qadir,Female,23,Programming & Software Development,Technical Skills,Chess,Hobbies & Recreation,"Sunday, Monday, Thursday, Saturday, Friday"
76,Zain Tariq,Female,23,Data Analysis & Visualization,Technical Skills,Mindfulness & Wellness,Personal Development,"Monday, Friday, Wednesday"
77,Nida Ahmed,Female,20,Calligraphy,Creative Skills,Fitness & Yoga,Personal Development,"Saturday, Monday"
78,Taha Qureshi,Female,24,Food Decoration,Culinary Skills,Public Speaking & Presentation Skills,Languages & Communication,"Saturday, Monday, Tuesday, Friday"
79,Samina Rehman,Female,20,Gardening & Landscaping,Hobbies & Recreation,Event Planning,Personal Development,"Tuesday, Monday, Sunday, Friday, Thursday"
80,Sultan Yousuf,Female,22,Photography,Creative Skills,Chess,Hobbies & Recreation,"Saturday, Tuesday, Sunday, Thursday, Wednesday"
81,Laiba Ali,Male,19,Mindfulness & Wellness,Personal Development,Food Decoration,Culinary Skills,"Wednesday, Sunday, Tuesday"
82,Asim Shah,Male,23,Chess,Hobbies & Recreation,Mindfulness & Wellness,Personal Development,"Monday, Sunday"
83,Ali Aslam,Male,22,Painting & Drawing,Creative Skills,Time Management & Productivity,Personal Development,"Saturday, Friday"
84,Mahira Asad,Female,18,Dancing (Salsa),Hobbies & Recreation,Sewing,Hobbies & Recreation,"Thursday, Wednesday, Monday, Saturday, Tuesday"
85,Amna Qureshi,Female,24,Dancing (Salsa),Hobbies & Recreation,Calligraphy,Creative Skills,"Tuesday, Sunday, Wednesday, Friday, Monday"
86,Sania Hussain,Male,22,Food Decoration,Culinary Skills,Dancing (Salsa),Hobbies & Recreation,"Monday, Friday, Sunday, Tuesday"
87,Fatima Faraz,Male,22,Dancing (Salsa),Hobbies & Recreation,Foreign Languages (English),Languages & Communication,"Friday, Sunday"
88,Rabia Jamil,Male,19,Time Management & Productivity,Personal Development,Food Decoration,Culinary Skills,"Tuesday, Friday, Sunday"
89,Rehan Farooq,Male,23,Time Management & Productivity,Personal Development,Food Decoration,Culinary Skills,"Sunday, Wednesday, Monday, Saturday, Friday"
90,Rehan Hussain,Male,21,Public Speaking & Presentation Skills,Languages & Communication,Data Analysis & Visualization,Technical Skills,"Sunday, Monday"
91,Saba Abbas,Female,18,Calligraphy,Creative Skills,Mindfulness & Wellness,Personal Development,"Monday, Saturday, Wednesday, Friday"
92,Usman Ahmed,Female,22,Data Analysis & Visualization,Technical Skills,Chess,Hobbies & Recreation,"Sunday, Thursday, Saturday, Wednesday"
93,Muhammad Khalid,Male,19,Writing for Business,Languages & Communication,Food Decoration,Culinary Skills,"Tuesday, Monday"
94,Hina Shah,Male,21,Public Speaking & Presentation Skills,Languages & Communication,Painting & Drawing,Creative Skills,"Thursday, Wednesday, Saturday"
95,Rabia Qureshi,Male,18,Data Analysis & Visualization,Technical Skills,Time Management & Productivity,Personal Development,"Thursday, Tuesday"
96,Rehan Aslam,Female,19,Gardening & Landscaping,Hobbies & Recreation,Writing for Business,Languages & Communication,"Saturday, Friday, Thursday, Tuesday"
97,Noor Rafiq,Female,23,Gardening & Landscaping,Hobbies & Recreation,IT Support & Networking,Technical Skills,"Thursday, Tuesday"
98,Naveed Akhtar,Female,22,Baking & Cooking,Culinary Skills,Painting & Drawing,Creative Skills,"Wednesday, Sunday, Tuesday"
99,Nida Javed,Female,20,Data Analysis & Visualization,Technical Skills,Fitness & Yoga,Personal Development,"Saturday, Wednesday, Friday, Tuesday, Monday"
100,Iqra Farooq,Male,23,Fitness & Yoga,Personal Development,Food Decoration,Culinary Skills,"Tuesday, Sunday, Wednesday, Thursday, Monday"
101,Zain Qadir,Female,24,Food Decoration,Culinary Skills,Baking & Cooking,Culinary Skills,"Friday, Thursday, Monday, Saturday, Wednesday"
102,Tariq Javed,Female,19,Photography,Creative Skills,Sewing,Hobbies & Recreation,"Monday, Wednesday, Saturday"
103,Sania Yousuf,Male,20,Photography,Creative Skills,IT Support & Networking,Technical Skills,"Friday, Wednesday, Monday, Sunday"
104,Ayesha Rafiq,Female,18,Time Management & Productivity,Personal Development,Data Analysis & Visualization,Technical Skills,"Wednesday, Thursday, Saturday, Tuesday"
105,Anum Akhtar,Male,18,IT Support & Networking,Technical Skills,Programming & Software Development,Technical Skills,"Thursday, Sunday, Monday, Friday"
106,Nida Farooq,Male,20,Gardening & Landscaping,Hobbies & Recreation,Mindfulness & Wellness,Personal Development,"Sunday, Wednesday, Friday, Tuesday"
107,Ayesha Sultan,Female,23,Chess,Hobbies & Recreation,Programming & Software Development,Technical Skills,"Thursday, Sunday, Monday, Tuesday, Wednesday"
108,Rashid Arif,Female,23,Gardening & Landscaping,Hobbies & Recreation,IT Support & Networking,Technical Skills,"Tuesday, Sunday, Saturday, Monday"
109,Danish Aslam,Female,19,Dancing (Salsa),Hobbies & Recreation,Photography,Creative Skills,"Saturday, Tuesday, Friday, Wednesday"
110,Ali Qureshi,Male,18,Graphic Design,Creative Skills,Baking & Cooking,Culinary Skills,"Sunday, Friday, Wednesday, Thursday, Saturday"
111,Muhammad Rahman,Male,22,Food Decoration,Culinary Skills,Chess,Hobbies & Recreation,"Sunday, Wednesday"
112,Farhan Yousuf,Female,18,Gardening & Landscaping,Hobbies & Recreation,Chess,Hobbies & Recreation,"Sunday, Monday, Saturday, Tuesday"
113,Rabia Iqbal,Male,24,Chess,Hobbies & Recreation,Food Decoration,Culinary Skills,"Thursday, Wednesday, Saturday, Friday"
114,Rabia Rafiq,Female,22,Fitness & Yoga,Personal Development,Foreign Languages (English),Languages & Communication,"Friday, Monday"
115,Hamza Mansoor,Male,21,Programming & Software Development,Technical Skills,Baking & Cooking,Culinary Skills,"Friday, Wednesday, Monday"
116,Taha Tariq,Male,21,Event Planning,Personal Development,Time Management & Productivity,Personal Development,"Thursday, Tuesday"
117,Sara Aslam,Female,22,Mindfulness & Wellness,Personal Development,Time Management & Productivity,Personal Development,"Saturday, Monday, Friday"
118,Shireen Rafiq,Female,19,Writing for Business,Languages & Communication,Gardening & Landscaping,Hobbies & Recreation,"Tuesday, Saturday, Thursday"
119,Rehan Sultan,Male,21,IT Support & Networking,Technical Skills,Data Analysis & Visualization,Technical Skills,"Friday, Saturday"
120,Omar Asad,Male,20,Event Planning,Personal Development,Chess,Hobbies & Recreation,"Monday, Friday"
121,Fatima Khan,Male,22,Event Planning,Personal Development,Calligraphy,Creative Skills,"Tuesday, Sunday, Wednesday, Thursday"
122,Anum Khan,Female,23,Baking & Cooking,Culinary Skills,Web Design & Development,Technical Skills,"Friday, Tuesday, Thursday, Sunday"
123,Faisal Farooq,Female,21,Gardening & Landscaping,Hobbies & Recreation,Foreign Languages (English),Languages & Communication,"Saturday, Tuesday, Sunday"
124,Zubair Mansoor,Female,21,Photography,Creative Skills,Food Decoration,Culinary Skills,"Saturday, Friday, Thursday, Tuesday"
125,Tariq Hussain,Male,24,Calligraphy,Creative Skills,Web Design & Development,Technical Skills,"Friday, Monday"
126,Ahmed Iqbal,Male,19,Dancing (Salsa),Hobbies & Recreation,Baking & Cooking,Culinary Skills,"Wednesday, Friday, Sunday"
127,Danish Javed,Male,22,Baking & Cooking,Culinary Skills,Sewing,Hobbies & Recreation,"Saturday, Sunday, Friday, Monday, Thursday"
128,Usman Shah,Male,22,Data Analysis & Visualization,Technical Skills,Gardening & Landscaping,Hobbies & Recreation,"Tuesday, Wednesday, Thursday, Friday"
129,Faisal Hussain,Male,20,Painting & Drawing,Creative Skills,Data Analysis & Visualization,Technical Skills,"Wednesday, Monday"
130,Fatima Javed,Female,22,Baking & Cooking,Culinary Skills,Foreign Languages (English),Languages & Communication,"Wednesday, Thursday"
131,Hina Mehmood,Male,19,Foreign Languages (English),Languages & Communication,Calligraphy,Creative Skills,"Wednesday, Sunday, Monday"
132,Sara Ahmed,Male,21,Painting & Drawing,Creative Skills,Baking & Cooking,Culinary Skills,"Friday, Tuesday, Wednesday, Saturday, Monday"
133,Rehan Khalid,Female,23,Dancing (Salsa),Hobbies & Recreation,Writing for Business,Languages & Communication,"Wednesday, Thursday"
134,Tariq Farooq,Male,18,IT Support & Networking,Technical Skills,Baking & Cooking,Culinary Skills,"Wednesday, Saturday, Thursday, Sunday, Monday"
135,Fatima Iqbal,Female,19,Baking & Cooking,Culinary Skills,Calligraphy,Creative Skills,"Wednesday, Tuesday, Saturday, Friday"
136,Rehan Qadir,Female,22,Calligraphy,Creative Skills,Public Speaking & Presentation Skills,Languages & Communication,"Tuesday, Friday, Saturday, Thursday, Sunday"
137,Sania Ahmed,Male,24,Calligraphy,Creative Skills,Writing for Business,Languages & Communication,"Friday, Saturday, Tuesday, Thursday"
138,Saba Hussain,Female,19,Fitness & Yoga,Personal Development,Foreign Languages (English),Languages & Communication,"Friday, Sunday, Monday, Wednesday"
139,Rabia Shah,Female,23,Graphic Design,Creative Skills,Public Speaking & Presentation Skills,Languages & Communication,"Tuesday, Saturday, Thursday, Sunday"
140,Ahmed Siddiqui,Male,22,Fitness & Yoga,Personal Development,Time Management & Productivity,Personal Development,"Friday, Saturday, Thursday, Tuesday, Wednesday"
141,Fatima Asad,Female,20,Fitness & Yoga,Personal Development,Calligraphy,Creative Skills,"Sunday, Thursday, Friday"
142,Ali Mehmood,Male,20,Calligraphy,Creative Skills,Programming & Software Development,Technical Skills,"Sunday, Tuesday, Friday"
143,Noor Faraz,Male,19,Time Management & Productivity,Personal Development,Public Speaking & Presentation Skills,Languages & Communication,"Saturday, Wednesday, Sunday"
144,Hamza Arif,Female,24,Baking & Cooking,Culinary Skills,Writing for Business,Languages & Communication,"Wednesday, Saturday, Thursday"
145,Saba Arif,Male,23,IT Support & Networking,Technical Skills,Fitness & Yoga,Personal Development,"Friday, Tuesday, Wednesday, Monday, Sunday"
146,Amna Jamil,Female,22,Painting & Drawing,Creative Skills,Sewing,Hobbies & Recreation,"Wednesday, Friday"
147,Rashid Abbas,Male,23,Web Design & Development,Technical Skills,Dancing (Salsa),Hobbies & Recreation,"Friday, Wednesday, Sunday"
148,Fatima Mehmood,Male,19,Programming & Software Development,Technical Skills,Gardening & Landscaping,Hobbies & Recreation,"Sunday, Thursday, Wednesday, Friday, Monday"
149,Nida Mansoor,Male,23,Calligraphy,Creative Skills,Mindfulness & Wellness,Personal Development,"Wednesday, Saturday, Thursday, Tuesday, Monday"
150,Saba Anwar,Female,22,Dancing (Salsa),Hobbies & Recreation,Fitness & Yoga,Personal Development,"Thursday, Sunday"
151,Tariq Malik,Female,22,Programming & Software Development,Technical Skills,Sewing,Hobbies & Recreation,"Friday, Wednesday, Tuesday"
152,Ahmed Khan,Female,22,Gardening & Landscaping,Hobbies & Recreation,Calligraphy,Creative Skills,"Sunday, Friday, Monday, Thursday"
153,Noor Siddiqui,Female,23,Food Decoration,Culinary Skills,Public Speaking & Presentation Skills,Languages & Communication,"Wednesday, Tuesday"
154,Zara Rahman,Female,20,Painting & Drawing,Creative Skills,Sewing,Hobbies & Recreation,"Saturday, Tuesday, Friday, Thursday"
155,Samina Yousuf,Female,21,Public Speaking & Presentation Skills,Languages & Communication,Fitness & Yoga,Personal Development,"Sunday, Thursday, Saturday, Tuesday"
156,Ayesha Javed,Male,20,Writing for Business,Languages & Communication,Food Decoration,Culinary Skills,"Friday, Tuesday, Monday, Sunday, Wednesday"
157,Faisal Shah,Female,21,IT Support & Networking,Technical Skills,Food Decoration,Culinary Skills,"Saturday, Thursday, Friday, Tuesday, Wednesday"
158,Farhan Khan,Male,21,Programming & Software Development,Technical Skills,Calligraphy,Creative Skills,"Friday, Tuesday, Sunday, Wednesday, Thursday"
159,Noor Hussain,Female,21,Time Management & Productivity,Personal Development,Sewing,Hobbies & Recreation,"Wednesday, Thursday, Saturday, Tuesday"
160,Asim Tariq,Male,22,Foreign Languages (English),Languages & Communication,Baking & Cooking,Culinary Skills,"Sunday, Monday, Tuesday, Friday"
161,Naveed Javed,Female,20,Web Design & Development,Technical Skills,Event Planning,Personal Development,"Friday, Monday, Wednesday, Tuesday, Sunday"
162,Iqra Ahmed,Female,18,Mindfulness & Wellness,Personal Development,Public Speaking & Presentation Skills,Languages & Communication,"Thursday, Sunday, Friday, Tuesday, Saturday"
163,Naveed Mehmood,Female,20,Baking & Cooking,Culinary Skills,Mindfulness & Wellness,Personal Development,"Thursday, Friday"
164,Hamza Qadir,Female,23,Baking & Cooking,Culinary Skills,Food Decoration,Culinary Skills,"Sunday, Tuesday, Saturday, Thursday"
165,Noor Qureshi,Male,24,Time Management & Productivity,Personal Development,Web Design & Development,Technical Skills,"Thursday, Friday, Monday, Wednesday"
166,Hina Jamil,Female,24,Public Speaking & Presentation Skills,Languages & Communication,Data Analysis & Visualization,Technical Skills,"Wednesday, Thursday, Monday, Tuesday, Saturday"
167,Naveed Anwar,Male,18,Food Decoration,Culinary Skills,Painting & Drawing,Creative Skills,"Saturday, Wednesday, Monday, Sunday, Tuesday"
168,Mahira Farooq,Female,24,Time Management & Productivity,Personal Development,Painting & Drawing,Creative Skills,"Monday, Thursday, Wednesday"
169,Mahira Qadir,Female,20,Programming & Software Development,Technical Skills,Public Speaking & Presentation Skills,Languages & Communication,"Saturday, Friday, Tuesday"
170,Anum Siddiqui,Female,18,Dancing (Salsa),Hobbies & Recreation,Programming & Software Development,Technical Skills,"Saturday, Friday, Wednesday, Thursday, Monday"
171,Faisal Mustafa,Male,22,Event Planning,Personal Development,Chess,Hobbies & Recreation,"Friday, Sunday, Thursday"
172,Ayesha Mansoor,Male,23,Web Design & Development,Technical Skills,Event Planning,Personal Development,"Tuesday, Monday, Saturday, Thursday, Sunday"
173,Samina Ali,Female,23,Data Analysis & Visualization,Technical Skills,Painting & Drawing,Creative Skills,"Wednesday, Sunday"
174,Tariq Rehman,Male,18,Mindfulness & Wellness,Personal Development,Photography,Creative Skills,"Monday, Friday, Saturday"
175,Iqra Anwar,Male,18,Mindfulness & Wellness,Personal Development,Photography,Creative Skills,"Monday, Sunday"
176,Usman Faraz,Female,20,Painting & Drawing,Creative Skills,Food Decoration,Culinary Skills,"Wednesday, Monday, Tuesday, Friday"
177,Zain Malik,Female,19,Foreign Languages (English),Languages & Communication,Data Analysis & Visualization,Technical Skills,"Tuesday, Wednesday, Thursday, Monday"
178,Ahmed Qureshi,Male,23,Event Planning,Personal Development,IT Support & Networking,Technical Skills,"Sunday, Saturday"
179,Sultan Qadir,Female,19,Writing for Business,Languages & Communication,Chess,Hobbies & Recreation,"Monday, Sunday, Tuesday, Friday, Thursday"
180,Farhan Akhtar,Female,22,Calligraphy,Creative Skills,Programming & Software Development,Technical Skills,"Thursday, Tuesday"
181,Shahid Mehmood,Male,19,IT Support & Networking,Technical Skills,Food Decoration,Culinary Skills,"Saturday, Sunday"
182,Tariq Aslam,Male,18,Calligraphy,Creative Skills,Writing for Business,Languages & Communication,"Sunday, Wednesday, Tuesday, Thursday"
183,Rehan Rafiq,Female,24,Foreign Languages (English),Languages & Communication,Food Decoration,Culinary Skills,"Monday, Friday, Saturday, Tuesday"
184,Danish Rahman,Male,23,Gardening & Landscaping,Hobbies & Recreation,Writing for Business,Languages & Communication,"Tuesday, Saturday, Sunday, Monday, Thursday"
185,Usman Ali,Female,22,Dancing (Salsa),Hobbies & Recreation,Painting & Drawing,Creative Skills,"Tuesday, Thursday"
186,Rashid Sultan,Male,22,Photography,Creative Skills,Painting & Drawing,Creative Skills,"Monday, Thursday"
187,Shireen Yousuf,Female,20,Baking & Cooking,Culinary Skills,Fitness & Yoga,Personal Development,"Sunday, Friday, Wednesday, Tuesday, Saturday"
188,Shireen Qureshi,Male,20,IT Support & Networking,Technical Skills,Baking & Cooking,Culinary Skills,"Friday, Thursday, Tuesday, Saturday"
189,Saba Khalid,Male,19,Fitness & Yoga,Personal Development,Painting & Drawing,Creative Skills,"Thursday, Friday"
190,Rashid Siddiqui,Male,23,Photography,Creative Skills,Foreign Languages (English),Languages & Communication,"Tuesday, Wednesday"
191,Rehan Mehmood,Female,22,Public Speaking & Presentation Skills,Languages & Communication,Writing for Business,Languages & Communication,"Wednesday, Monday, Sunday"
192,Saba Jamil,Female,23,Data Analysis & Visualization,Technical Skills,Public Speaking & Presentation Skills,Languages & Communication,"Sunday, Friday"
193,Ayesha Asad,Female,21,Data Analysis & Visualization,Technical Skills,Calligraphy,Creative Skills,"Sunday, Saturday, Wednesday, Friday, Tuesday"
194,Bilal Qadir,Male,21,Fitness & Yoga,Personal Development,Programming & Software Development,Technical Skills,"Thursday, Sunday, Saturday, Friday, Tuesday"
195,Farhan Malik,Female,20,Graphic Design,Creative Skills,Time Management & Productivity,Personal Development,"Sunday, Thursday"
196,Shahid Ahmed,Male,22,Programming & Software Development,Technical Skills,Public Speaking & Presentation Skills,Languages & Communication,"Friday, Monday, Sunday, Wednesday, Saturday"
197,Usman Rafiq,Female,18,Baking & Cooking,Culinary Skills,Calligraphy,Creative Skills,"Wednesday, Friday, Monday"
198,Ahmed Yousuf,Male,22,Gardening & Landscaping,Hobbies & Recreation,Food Decoration,Culinary Skills,"Thursday, Wednesday, Saturday, Sunday, Tuesday"
199,Farhan Asad,Male,22,Food Decoration,Culinary Skills,Event Planning,Personal Development,"Monday, Friday, Thursday, Saturday"
200,Rehan Ahmed,Male,23,Programming & Software Development,Technical Skills,Data Analysis & Visualization,Technical Skills,"Sunday, Tuesday, Saturday, Thursday, Monday"
201,Junaid Javed,Female,18,Foreign Languages (English),Languages & Communication,Programming & Software Development,Technical Skills,"Sunday, Wednesday, Thursday"
202,Farhan Khalid,Female,22,Graphic Design,Creative Skills,Calligraphy,Creative Skills,"Wednesday, Thursday, Friday, Sunday"
203,Shireen Siddiqui,Female,19,Photography,Creative Skills,IT Support & Networking,Technical Skills,"Sunday, Saturday, Friday, Monday"
204,Rehan Rahman,Male,24,Calligraphy,Creative Skills,Foreign Languages (English),Languages & Communication,"Tuesday, Monday, Friday, Sunday, Wednesday"
205,Faisal Faraz,Male,23,Event Planning,Personal Development,Graphic Design,Creative Skills,"Monday, Saturday, Tuesday, Thursday"
206,Muhammad Yousuf,Female,21,Event Planning,Personal Development,Baking & Cooking,Culinary Skills,"Tuesday, Wednesday, Thursday"
207,Farhan Mehmood,Female,20,Sewing,Hobbies & Recreation,Food Decoration,Culinary Skills,"Sunday, Friday, Tuesday, Monday, Thursday"
208,Amna Mustafa,Female,20,Data Analysis & Visualization,Technical Skills,Calligraphy,Creative Skills,"Sunday, Friday"
209,Muhammad Rehman,Male,24,Foreign Languages (English),Languages & Communication,Gardening & Landscaping,Hobbies & Recreation,"Friday, Sunday, Wednesday, Thursday, Monday"
210,Farhan Qureshi,Male,24,Mindfulness & Wellness,Personal Development,Web Design & Development,Technical Skills,"Monday, Friday, Thursday"
211,Rabia Tariq,Female,20,Dancing (Salsa),Hobbies & Recreation,Baking & Cooking,Culinary Skills,"Thursday, Saturday, Tuesday, Sunday"
212,Samina Raza,Male,23,Time Management & Productivity,Personal Development,Sewing,Hobbies & Recreation,"Monday, Tuesday, Sunday"
213,Ali Siddiqui,Male,20,Dancing (Salsa),Hobbies & Recreation,Photography,Creative Skills,"Saturday, Wednesday, Friday"
214,Usman Aslam,Male,19,Photography,Creative Skills,Baking & Cooking,Culinary Skills,"Friday, Monday, Saturday, Wednesday, Tuesday"
215,Zubair Asad,Female,22,Baking & Cooking,Culinary Skills,Foreign Languages (English),Languages & Communication,"Sunday, Friday, Saturday, Tuesday"
216,Fatima Anwar,Male,19,Event Planning,Personal Development,Calligraphy,Creative Skills,"Sunday, Thursday, Tuesday"
217,Sultan Hussain,Female,24,Fitness & Yoga,Personal Development,Chess,Hobbies & Recreation,"Friday, Thursday, Wednesday"
218,Rabia Sultan,Female,18,Public Speaking & Presentation Skills,Languages & Communication,Event Planning,Personal Development,"Saturday, Thursday"
219,Sara Siddiqui,Male,18,Painting & Drawing,Creative Skills,Writing for Business,Languages & Communication,"Saturday, Friday, Monday"
220,Rehan Siddiqui,Female,20,Sewing,Hobbies & Recreation,Food Decoration,Culinary Skills,"Tuesday, Wednesday, Saturday, Sunday, Friday"
221,Fatima Ali,Female,24,Web Design & Development,Technical Skills,Gardening & Landscaping,Hobbies & Recreation,"Sunday, Saturday, Tuesday"
222,Hina Qadir,Male,24,Food Decoration,Culinary Skills,Event Planning,Personal Development,"Friday, Wednesday"
223,Faisal Rafiq,Male,21,Baking & Cooking,Culinary Skills,Programming & Software Development,Technical Skills,"Saturday, Sunday, Friday"
224,Zara Mustafa,Male,23,Data Analysis & Visualization,Technical Skills,Event Planning,Personal Development,"Saturday, Tuesday, Thursday"
225,Zubair Ali,Female,18,Time Management & Productivity,Personal Development,Foreign Languages (English),Languages & Communication,"Sunday, Wednesday, Thursday, Friday, Tuesday"
226,Mahira Abbas,Female,23,Data Analysis & Visualization,Technical Skills,Food Decoration,Culinary Skills,"Saturday, Tuesday, Thursday, Monday, Friday"
227,Danish Tariq,Male,24,Data Analysis & Visualization,Technical Skills,Programming & Software Development,Technical Skills,"Saturday, Sunday"
228,Muhammad Raza,Female,20,Sewing,Hobbies & Recreation,Public Speaking & Presentation Skills,Languages & Communication,"Tuesday, Saturday, Monday, Wednesday, Friday"
229,Ali Farooq,Male,22,Time Management & Productivity,Personal Development,Baking & Cooking,Culinary Skills,"Saturday, Sunday, Tuesday, Monday, Friday"
230,Anum Rafiq,Male,20,Food Decoration,Culinary Skills,Dancing (Salsa),Hobbies & Recreation,"Sunday, Wednesday, Thursday"
231,Hina Qureshi,Female,21,Baking & Cooking,Culinary Skills,Web Design & Development,Technical Skills,"Monday, Friday"
232,Hamza Asad,Male,21,Food Decoration,Culinary Skills,Baking & Cooking,Culinary Skills,"Saturday, Wednesday, Sunday"
233,Shahid Iqbal,Female,21,Mindfulness & Wellness,Personal Development,Writing for Business,Languages & Communication,"Wednesday, Sunday"
234,Bilal Hussain,Male,24,Dancing (Salsa),Hobbies & Recreation,Painting & Drawing,Creative Skills,"Sunday, Monday, Thursday"
235,Rabia Rehman,Female,23,Public Speaking & Presentation Skills,Languages & Communication,Event Planning,Personal Development,"Sunday, Saturday"
236,Sania Sultan,Male,18,Event Planning,Personal Development,Food Decoration,Culinary Skills,"Friday, Tuesday, Monday"
237,Bilal Mehmood,Female,24,Dancing (Salsa),Hobbies & Recreation,Event Planning,Personal Development,"Tuesday, Wednesday, Saturday"
238,Sara Javed,Male,24,Data Analysis & Visualization,Technical Skills,Fitness & Yoga,Personal Development,"Friday, Monday, Saturday"
239,Omar Iqbal,Female,21,Time Management & Productivity,Personal Development,Writing for Business,Languages & Communication,"Friday, Wednesday, Tuesday"
240,Ahmed Hussain,Male,21,Painting & Drawing,Creative Skills,Calligraphy,Creative Skills,"Thursday, Saturday, Tuesday, Wednesday, Friday"
241,Tariq Rahman,Female,23,Graphic Design,Creative Skills,Sewing,Hobbies & Recreation,"Saturday, Friday"
242,Tariq Tariq,Male,21,Mindfulness & Wellness,Personal Development,Foreign Languages (English),Languages & Communication,"Tuesday, Wednesday"
243,Zain Ahmed,Male,23,Photography,Creative Skills,Chess,Hobbies & Recreation,"Sunday, Friday, Monday, Tuesday"
244,Tariq Raza,Female,19,Time Management & Productivity,Personal Development,Event Planning,Personal Development,"Tuesday, Friday, Saturday, Monday"
245,Hina Hussain,Male,19,Programming & Software Development,Technical Skills,Painting & Drawing,Creative Skills,"Friday, Saturday"
246,Hamza Rahman,Male,19,Mindfulness & Wellness,Personal Development,Writing for Business,Languages & Communication,"Thursday, Monday, Saturday"
247,Zubair Mustafa,Female,23,Foreign Languages (English),Languages & Communication,Dancing (Salsa),Hobbies & Recreation,"Wednesday, Thursday, Monday"
248,Rashid Tariq,Female,18,Sewing,Hobbies & Recreation,Dancing (Salsa),Hobbies & Recreation,"Monday, Friday"
249,Mehreen Mustafa,Female,18,Dancing (Salsa),Hobbies & Recreation,Web Design & Development,Technical Skills,"Monday, Sunday, Tuesday, Thursday"
250,Anum Yousuf,Female,19,Sewing,Hobbies & Recreation,Baking & Cooking,Culinary Skills,"Thursday, Friday, Monday"
251,Hina Arif,Male,21,Dancing (Salsa),Hobbies & Recreation,Food Decoration,Culinary Skills,"Saturday, Tuesday, Sunday, Wednesday"
252,Zubair Jamil,Male,21,Public Speaking & Presentation Skills,Languages & Communication,Fitness & Yoga,Personal Development,"Friday, Saturday"
253,Mahira Hussain,Female,18,Web Design & Development,Technical Skills,Data Analysis & Visualization,Technical Skills,"Monday, Friday, Sunday, Thursday, Saturday"
254,Shahid Abbas,Female,19,Foreign Languages (English),Languages & Communication,Writing for Business,Languages & Communication,"Monday, Friday"
255,Rehan Jamil,Male,18,IT Support & Networking,Technical Skills,Public Speaking & Presentation Skills,Languages & Communication,"Tuesday, Friday"
256,Danish Jamil,Female,20,Gardening & Landscaping,Hobbies & Recreation,Baking & Cooking,Culinary Skills,"Monday, Wednesday, Saturday"
257,Hamza Akhtar,Female,23,Gardening & Landscaping,Hobbies & Recreation,Writing for Business,Languages & Communication,"Sunday, Monday, Friday, Wednesday"
258,Bilal Khan,Male,24,Event Planning,Personal Development,Baking & Cooking,Culinary Skills,"Thursday, Wednesday, Tuesday, Friday"
259,Bilal Jamil,Female,23,Writing for Business,Languages & Communication,Mindfulness & Wellness,Personal Development,"Wednesday, Thursday, Sunday, Friday"
260,Danish Mehmood,Female,21,Calligraphy,Creative Skills,Public Speaking & Presentation Skills,Languages & Communication,"Sunday, Monday, Tuesday, Saturday, Wednesday"
261,Sania Mansoor,Male,21,Programming & Software Development,Technical Skills,Dancing (Salsa),Hobbies & Recreation,"Monday, Thursday"
262,Faisal Yousuf,Female,23,Food Decoration,Culinary Skills,Sewing,Hobbies & Recreation,"Tuesday, Thursday, Wednesday, Saturday, Sunday"
263,Zara Rafiq,Male,19,Writing for Business,Languages & Communication,Gardening & Landscaping,Hobbies & Recreation,"Tuesday, Wednesday"
264,Iqra Iqbal,Female,20,Painting & Drawing,Creative Skills,Public Speaking & Presentation Skills,Languages & Communication,"Wednesday, Friday, Tuesday"
265,Sara Jamil,Male,21,Web Design & Development,Technical Skills,Public Speaking & Presentation Skills,Languages & Communication,"Monday, Saturday, Sunday, Friday"
266,Anum Aslam,Female,21,Foreign Languages (English),Languages & Communication,Writing for Business,Languages & Communication,"Tuesday, Thursday, Saturday, Monday, Wednesday"
267,Noor Aslam,Female,23,Web Design & Development,Technical Skills,Sewing,Hobbies & Recreation,"Saturday, Tuesday, Monday"
268,Taha Hussain,Male,21,Chess,Hobbies & Recreation,IT Support & Networking,Technical Skills,"Thursday, Saturday, Tuesday, Sunday, Monday"
269,Zain Abbas,Female,23,Food Decoration,Culinary Skills,Data Analysis & Visualization,Technical Skills,"Saturday, Wednesday, Thursday"
270,Hassan Farooq,Female,21,Programming & Software Development,Technical Skills,Sewing,Hobbies & Recreation,"Saturday, Tuesday"
271,Danish Asad,Male,18,Food Decoration,Culinary Skills,Painting & Drawing,Creative Skills,"Sunday, Saturday"
272,Saba Ali,Male,20,Baking & Cooking,Culinary Skills,Calligraphy,Creative Skills,"Sunday, Monday, Tuesday, Wednesday, Friday"
273,Sania Javed,Male,21,Chess,Hobbies & Recreation,Baking & Cooking,Culinary Skills,"Tuesday, Monday, Saturday"
274,Noor Rahman,Male,20,Baking & Cooking,Culinary Skills,IT Support & Networking,Technical Skills,"Sunday, Friday, Tuesday, Thursday"
275,Sania Rafiq,Male,20,Painting & Drawing,Creative Skills,Event Planning,Personal Development,"Sunday, Monday, Wednesday"
276,Ayesha Abbas,Female,24,Time Management & Productivity,Personal Development,Public Speaking & Presentation Skills,Languages & Communication,"Tuesday, Friday"
277,Nida Faraz,Male,19,Baking & Cooking,Culinary Skills,Gardening & Landscaping,Hobbies & Recreation,"Friday, Wednesday, Sunday, Tuesday"
278,Amna Malik,Female,21,Time Management & Productivity,Personal Development,Public Speaking & Presentation Skills,Languages & Communication,"Tuesday, Thursday"
279,Rabia Arif,Male,18,Dancing (Salsa),Hobbies & Recreation,Public Speaking & Presentation Skills,Languages & Communication,"Friday, Thursday, Monday, Tuesday, Sunday"
280,Ahmed Khalid,Female,20,Chess,Hobbies & Recreation,Public Speaking & Presentation Skills,Languages & Communication,"Tuesday, Wednesday, Sunday"
281,Nida Rahman,Male,24,Web Design & Development,Technical Skills,Writing for Business,Languages & Communication,"Sunday, Thursday, Friday, Monday"
282,Naveed Rehman,Female,23,Mindfulness & Wellness,Personal Development,Sewing,Hobbies & Recreation,"Saturday, Friday, Monday, Wednesday, Thursday"
283,Hina Sultan,Female,24,IT Support & Networking,Technical Skills,Programming & Software Development,Technical Skills,"Saturday, Thursday"
284,Laiba Hussain,Male,24,Programming & Software Development,Technical Skills,IT Support & Networking,Technical Skills,"Saturday, Monday, Friday, Sunday, Wednesday"
285,Usman Tariq,Female,19,Chess,Hobbies & Recreation,Web Design & Development,Technical Skills,"Thursday, Tuesday, Wednesday, Monday"
286,Tariq Khan,Female,22,Gardening & Landscaping,Hobbies & Recreation,Graphic Design,Creative Skills,"Monday, Saturday"
287,Saba Shah,Female,18,Public Speaking & Presentation Skills,Languages & Communication,Baking & Cooking,Culinary Skills,"Sunday, Monday, Wednesday"
288,Rabia Rahman,Male,19,Baking & Cooking,Culinary Skills,Food Decoration,Culinary Skills,"Thursday, Saturday, Monday, Tuesday"
289,Usman Raza,Male,20,Fitness & Yoga,Personal Development,Foreign Languages (English),Languages & Communication,"Thursday, Sunday, Friday"
290,Sania Malik,Male,24,Painting & Drawing,Creative Skills,Baking & Cooking,Culinary Skills,"Thursday, Sunday, Friday"
291,Tariq Abbas,Male,22,Mindfulness & Wellness,Personal Development,Baking & Cooking,Culinary Skills,"Sunday, Tuesday, Wednesday, Thursday, Monday"
292,Laiba Faraz,Female,19,Time Management & Productivity,Personal Development,Writing for Business,Languages & Communication,"Monday, Sunday, Saturday, Thursday"
293,Anum Faraz,Female,24,Calligraphy,Creative Skills,Gardening & Landscaping,Hobbies & Recreation,"Thursday, Friday"
294,Sara Khalid,Male,24,Dancing (Salsa),Hobbies & Recreation,Sewing,Hobbies & Recreation,"Wednesday, Saturday, Thursday, Monday, Sunday"
295,Ali Ahmed,Female,21,Gardening & Landscaping,Hobbies & Recreation,Calligraphy,Creative Skills,"Sunday, Tuesday"
296,Fatima Arif,Male,20,Web Design & Development,Technical Skills,Foreign Languages (English),Languages & Communication,"Thursday, Friday, Saturday"
297,Junaid Arif,Female,22,Mindfulness & Wellness,Personal Development,Calligraphy,Creative Skills,"Sunday, Thursday, Friday"
298,Fatima Mustafa,Male,22,Baking & Cooking,Culinary Skills,Calligraphy,Creative Skills,"Monday, Tuesday, Saturday"
299,Iqra Khalid,Female,23,Calligraphy,Creative Skills,Food Decoration,Culinary Skills,"Monday, Saturday, Thursday, Tuesday, Wednesday"
300,Hassan Iqbal,Female,22,Mindfulness & Wellness,Personal Development,Food Decoration,Culinary Skills,"Monday, Sunday, Thursday, Saturday, Wednesday"
301,Anum Tariq,Female,24,Painting & Drawing,Creative Skills,Data Analysis & Visualization,Technical Skills,"Saturday, Thursday, Monday, Friday"
302,Rabia Anwar,Female,24,Web Design & Development,Technical Skills,Writing for Business,Languages & Communication,"Friday, Saturday, Wednesday, Thursday"
303,Omar Rahman,Female,18,Gardening & Landscaping,Hobbies & Recreation,IT Support & Networking,Technical Skills,"Tuesday, Thursday"
304,Mahira Raza,Male,18,Foreign Languages (English),Languages & Communication,Time Management & Productivity,Personal Development,"Saturday, Friday"
305,Faisal Sultan,Female,21,Mindfulness & Wellness,Personal Development,Time Management & Productivity,Personal Development,"Tuesday, Saturday, Friday"
306,Asim Siddiqui,Female,22,IT Support & Networking,Technical Skills,Food Decoration,Culinary Skills,"Sunday, Monday, Tuesday, Wednesday, Thursday"
307,Noor Tariq,Male,18,Baking & Cooking,Culinary Skills,Writing for Business,Languages & Communication,"Sunday, Thursday, Monday, Friday"
308,Muhammad Ahmed,Female,20,Chess,Hobbies & Recreation,Dancing (Salsa),Hobbies & Recreation,"Monday, Friday"
309,Zara Anwar,Female,23,Food Decoration,Culinary Skills,Public Speaking & Presentation Skills,Languages & Communication,"Sunday, Wednesday, Monday, Tuesday"
310,Taha Siddiqui,Male,20,Foreign Languages (English),Languages & Communication,Public Speaking & Presentation Skills,Languages & Communication,"Sunday, Wednesday, Friday, Thursday, Saturday"
311,Hina Aslam,Male,21,Fitness & Yoga,Personal Development,Public Speaking & Presentation Skills,Languages & Communication,"Saturday, Sunday, Tuesday"
312,Muhammad Jamil,Female,21,Public Speaking & Presentation Skills,Languages & Communication,Event Planning,Personal Development,"Friday, Monday, Tuesday"
313,Farhan Shah,Female,20,Chess,Hobbies & Recreation,Data Analysis & Visualization,Technical Skills,"Monday, Saturday, Thursday, Sunday"
314,Samina Malik,Male,21,Programming & Software Development,Technical Skills,Sewing,Hobbies & Recreation,"Friday, Monday, Saturday, Sunday"
315,Hassan Asad,Male,21,Time Management & Productivity,Personal Development,Calligraphy,Creative Skills,"Sunday, Monday, Thursday, Saturday"
316,Tariq Ahmed,Female,20,Baking & Cooking,Culinary Skills,Data Analysis & Visualization,Technical Skills,"Wednesday, Sunday"
317,Muhammad Mehmood,Male,21,Photography,Creative Skills,Mindfulness & Wellness,Personal Development,"Sunday, Wednesday, Thursday, Monday, Friday"
318,Sania Qadir,Female,19,IT Support & Networking,Technical Skills,Event Planning,Personal Development,"Monday, Thursday"
319,Shireen Faraz,Male,21,Data Analysis & Visualization,Technical Skills,Dancing (Salsa),Hobbies & Recreation,"Sunday, Tuesday, Friday"
320,Sania Mehmood,Female,20,Data Analysis & Visualization,Technical Skills,Painting & Drawing,Creative Skills,"Tuesday, Wednesday, Monday, Friday"
321,Hassan Khalid,Female,24,Chess,Hobbies & Recreation,Calligraphy,Creative Skills,"Saturday, Sunday, Tuesday, Wednesday"
322,Tariq Anwar,Male,23,Writing for Business,Languages & Communication,Fitness & Yoga,Personal Development,"Friday, Tuesday"
323,Zara Rehman,Male,18,Graphic Design,Creative Skills,Mindfulness & Wellness,Personal Development,"Friday, Tuesday, Saturday"
324,Farhan Ali,Male,22,Programming & Software Development,Technical Skills,Photography,Creative Skills,"Wednesday, Saturday"
325,Tariq Qadir,Female,19,Graphic Design,Creative Skills,Event Planning,Personal Development,"Saturday, Sunday"
326,Noor Rehman,Male,21,Food Decoration,Culinary Skills,Mindfulness & Wellness,Personal Development,"Tuesday, Saturday, Wednesday, Thursday, Sunday"
327,Shahid Asad,Male,19,Dancing (Salsa),Hobbies & Recreation,Sewing,Hobbies & Recreation,"Tuesday, Friday"
328,Sania Qureshi,Female,21,Programming & Software Development,Technical Skills,Fitness & Yoga,Personal Development,"Wednesday, Friday, Tuesday, Sunday"
329,Farhan Aslam,Female,21,IT Support & Networking,Technical Skills,Public Speaking & Presentation Skills,Languages & Communication,"Tuesday, Sunday, Wednesday"
330,Taha Anwar,Female,23,Sewing,Hobbies & Recreation,Calligraphy,Creative Skills,"Thursday, Monday, Sunday, Wednesday, Friday"
331,Zubair Khalid,Female,21,Painting & Drawing,Creative Skills,Programming & Software Development,Technical Skills,"Sunday, Tuesday, Friday"
332,Rabia Mehmood,Female,18,Painting & Drawing,Creative Skills,Baking & Cooking,Culinary Skills,"Tuesday, Wednesday, Friday"
333,Junaid Farooq,Male,24,Public Speaking & Presentation Skills,Languages & Communication,Data Analysis & Visualization,Technical Skills,"Friday, Saturday"
334,Sultan Sultan,Female,21,Baking & Cooking,Culinary Skills,Sewing,Hobbies & Recreation,"Wednesday, Sunday, Tuesday"
335,Farhan Rehman,Male,20,Fitness & Yoga,Personal Development,Public Speaking & Presentation Skills,Languages & Communication,"Thursday, Wednesday, Monday, Saturday, Friday"
336,Anum Hussain,Male,19,Baking & Cooking,Culinary Skills,Event Planning,Personal Development,"Wednesday, Monday"
337,Amna Khan,Female,19,Public Speaking & Presentation Skills,Languages & Communication,IT Support & Networking,Technical Skills,"Sunday, Wednesday, Friday, Monday"
338,Shireen Khalid,Male,23,Public Speaking & Presentation Skills,Languages & Communication,Fitness & Yoga,Personal Development,"Saturday, Friday, Tuesday, Wednesday, Thursday"
339,Ahmed Mehmood,Male,21,Web Design & Development,Technical Skills,Photography,Creative Skills,"Sunday, Saturday"
340,Zubair Akhtar,Male,19,Baking & Cooking,Culinary Skills,Photography,Creative Skills,"Wednesday, Thursday, Tuesday"
341,Mehreen Sultan,Female,20,Programming & Software Development,Technical Skills,Graphic Design,Creative Skills,"Tuesday, Sunday"
342,Fatima Khalid,Male,21,Event Planning,Personal Development,IT Support & Networking,Technical Skills,"Saturday, Thursday, Tuesday, Wednesday, Monday"
343,Hamza Yousuf,Female,24,Mindfulness & Wellness,Personal Development,Painting & Drawing,Creative Skills,"Monday, Saturday"
344,Laiba Asad,Female,24,Chess,Hobbies & Recreation,Calligraphy,Creative Skills,"Tuesday, Sunday, Saturday, Friday"
345,Zubair Sultan,Male,21,Dancing (Salsa),Hobbies & Recreation,Photography,Creative Skills,"Sunday, Wednesday, Friday, Tuesday"
346,Shireen Rahman,Female,23,Event Planning,Personal Development,Gardening & Landscaping,Hobbies & Recreation,"Friday, Wednesday, Monday, Saturday, Thursday"
347,Noor Ahmed,Male,24,Data Analysis & Visualization,Technical Skills,Painting & Drawing,Creative Skills,"Wednesday, Tuesday"
348,Sultan Asad,Female,20,IT Support & Networking,Technical Skills,Programming & Software Development,Technical Skills,"Sunday, Wednesday, Monday"
349,Junaid Rahman,Female,23,Painting & Drawing,Creative Skills,Photography,Creative Skills,"Monday, Thursday"
350,Rehan Faraz,Female,21,Chess,Hobbies & Recreation,IT Support & Networking,Technical Skills,"Wednesday, Monday, Thursday, Tuesday"
351,Hamza Mustafa,Male,18,Painting & Drawing,Creative Skills,Mindfulness & Wellness,Personal Development,"Sunday, Monday, Thursday, Friday"
352,Zubair Abbas,Female,18,Sewing,Hobbies & Recreation,Gardening & Landscaping,Hobbies & Recreation,"Saturday, Wednesday, Sunday, Friday, Thursday"
353,Rashid Qadir,Female,18,Food Decoration,Culinary Skills,Gardening & Landscaping,Hobbies & Recreation,"Friday, Saturday, Tuesday, Wednesday, Thursday"
354,Sara Qadir,Female,24,Foreign Languages (English),Languages & Communication,Public Speaking & Presentation Skills,Languages & Communication,"Saturday, Tuesday"
355,Fatima Farooq,Male,21,Foreign Languages (English),Languages & Communication,Fitness & Yoga,Personal Development,"Tuesday, Saturday, Wednesday"
356,Laiba Tariq,Female,21,Food Decoration,Culinary Skills,Public Speaking & Presentation Skills,Languages & Communication,"Monday, Saturday, Wednesday, Friday, Sunday"
357,Danish Rehman,Female,20,Event Planning,Personal Development,Public Speaking & Presentation Skills,Languages & Communication,"Saturday, Wednesday"
358,Ali Mansoor,Male,24,Calligraphy,Creative Skills,Food Decoration,Culinary Skills,"Tuesday, Wednesday, Friday"
359,Ali Iqbal,Female,24,Data Analysis & Visualization,Technical Skills,Writing for Business,Languages & Communication,"Wednesday, Tuesday, Saturday"
360,Sultan Qureshi,Female,22,Time Management & Productivity,Personal Development,IT Support & Networking,Technical Skills,"Wednesday, Saturday"
361,Tariq Khalid,Male,20,Mindfulness & Wellness,Personal Development,Chess,Hobbies & Recreation,"Thursday, Monday, Tuesday, Wednesday, Saturday"
362,Rashid Qureshi,Male,21,Dancing (Salsa),Hobbies & Recreation,Sewing,Hobbies & Recreation,"Monday, Wednesday"
363,Mehreen Ahmed,Female,22,Gardening & Landscaping,Hobbies & Recreation,Calligraphy,Creative Skills,"Thursday, Friday, Tuesday, Saturday"
364,Ali Abbas,Female,18,Fitness & Yoga,Personal Development,Baking & Cooking,Culinary Skills,"Friday, Saturday, Sunday, Tuesday, Thursday"
365,Mahira Mustafa,Female,21,Dancing (Salsa),Hobbies & Recreation,Sewing,Hobbies & Recreation,"Monday, Saturday"
366,Saba Khan,Male,21,Fitness & Yoga,Personal Development,Mindfulness & Wellness,Personal Development,"Monday, Wednesday, Saturday, Sunday, Thursday"
367,Amna Akhtar,Female,21,Dancing (Salsa),Hobbies & Recreation,Graphic Design,Creative Skills,"Friday, Monday, Wednesday"
368,Taha Yousuf,Female,18,Public Speaking & Presentation Skills,Languages & Communication,Graphic Design,Creative Skills,"Friday, Saturday, Wednesday, Monday, Tuesday"
369,Zara Sultan,Male,21,Web Design & Development,Technical Skills,Chess,Hobbies & Recreation,"Sunday, Tuesday"
370,Laiba Farooq,Male,18,Painting & Drawing,Creative Skills,Baking & Cooking,Culinary Skills,"Wednesday, Thursday, Monday"
371,Mahira Javed,Female,22,Gardening & Landscaping,Hobbies & Recreation,Baking & Cooking,Culinary Skills,"Friday, Sunday"
372,Sara Arif,Male,21,Photography,Creative Skills,Event Planning,Personal Development,"Tuesday, Thursday, Friday"
373,Ahmed Shah,Female,21,Programming & Software Development,Technical Skills,Gardening & Landscaping,Hobbies & Recreation,"Thursday, Friday"
374,Zain Ali,Female,22,Calligraphy,Creative Skills,IT Support & Networking,Technical Skills,"Thursday, Wednesday, Saturday"
375,Amna Mehmood,Male,24,Baking & Cooking,Culinary Skills,Foreign Languages (English),Languages & Communication,"Tuesday, Wednesday, Friday, Saturday"
376,Shireen Raza,Male,22,Foreign Languages (English),Languages & Communication,Writing for Business,Languages & Communication,"Wednesday, Monday, Saturday, Thursday"
377,Tariq Faraz,Male,21,Event Planning,Personal Development,Public Speaking & Presentation Skills,Languages & Communication,"Friday, Tuesday, Saturday, Thursday, Monday"
378,Junaid Iqbal,Male,20,Painting & Drawing,Creative Skills,Time Management & Productivity,Personal Development,"Thursday, Saturday, Sunday"
379,Bilal Rahman,Female,18,Web Design & Development,Technical Skills,Programming & Software Development,Technical Skills,"Tuesday, Sunday, Thursday, Friday, Monday"
380,Sultan Arif,Female,22,Time Management & Productivity,Personal Development,Foreign Languages (English),Languages & Communication,"Wednesday, Friday"
381,Anum Shah,Female,20,Food Decoration,Culinary Skills,Foreign Languages (English),Languages & Communication,"Friday, Sunday"
382,Usman Mansoor,Female,23,Gardening & Landscaping,Hobbies & Recreation,Chess,Hobbies & Recreation,"Thursday, Sunday, Wednesday"
383,Muhammad Iqbal,Female,24,Public Speaking & Presentation Skills,Languages & Communication,Writing for Business,Languages & Communication,"Monday, Tuesday, Friday, Sunday"
384,Usman Siddiqui,Male,24,Photography,Creative Skills,Graphic Design,Creative Skills,"Thursday, Tuesday, Saturday, Wednesday"
385,Naveed Asad,Male,22,Photography,Creative Skills,Dancing (Salsa),Hobbies & Recreation,"Friday, Wednesday, Tuesday"
386,Ayesha Anwar,Male,23,Chess,Hobbies & Recreation,Fitness & Yoga,Personal Development,"Friday, Thursday"
387,Ali Khan,Male,21,IT Support & Networking,Technical Skills,Food Decoration,Culinary Skills,"Tuesday, Friday, Wednesday, Monday"
388,Zain Khalid,Male,24,Programming & Software Development,Technical Skills,Public Speaking & Presentation Skills,Languages & Communication,"Sunday, Saturday, Monday"
389,Mehreen Yousuf,Male,19,Event Planning,Personal Development,Public Speaking & Presentation Skills,Languages & Communication,"Tuesday, Monday, Saturday"
390,Saba Tariq,Female,18,Public Speaking & Presentation Skills,Languages & Communication,IT Support & Networking,Technical Skills,"Wednesday, Thursday, Friday, Sunday, Monday"
391,Zubair Javed,Male,23,Food Decoration,Culinary Skills,Graphic Design,Creative Skills,"Saturday, Monday"
392,Taha Akhtar,Male,24,Graphic Design,Creative Skills,Writing for Business,Languages & Communication,"Thursday, Wednesday"
393,Rehan Ali,Male,22,IT Support & Networking,Technical Skills,Time Management & Productivity,Personal Development,"Saturday, Friday, Wednesday, Tuesday, Thursday"
394,Ahmed Jamil,Male,19,Graphic Design,Creative Skills,Food Decoration,Culinary Skills,"Friday, Wednesday"
395,Shireen Arif,Female,21,Foreign Languages (English),Languages & Communication,Web Design & Development,Technical Skills,"Sunday, Thursday, Wednesday, Monday"
396,Laiba Mansoor,Female,18,Writing for Business,Languages & Communication,Food Decoration,Culinary Skills,"Saturday, Friday, Monday, Wednesday, Tuesday"
397,Hassan Siddiqui,Male,21,Photography,Creative Skills,Web Design & Development,Technical Skills,"Tuesday, Saturday, Friday, Wednesday"
398,Naveed Mustafa,Female,21,Photography,Creative Skills,Event Planning,Personal Development,"Tuesday, Friday"
399,Muhammad Faraz,Female,21,Baking & Cooking,Culinary Skills,Painting & Drawing,Creative Skills,"Monday, Tuesday, Thursday, Saturday"
400,Naveed Qadir,Female,20,Baking & Cooking,Culinary Skills,IT Support & Networking,Technical Skills,"Thursday, Wednesday, Monday, Saturday, Friday"
401,Mehreen Tariq,Female,22,Photography,Creative Skills,Data Analysis & Visualization,Technical Skills,"Wednesday, Saturday, Sunday"
402,Omar Mustafa,Female,23,Food Decoration,Culinary Skills,Sewing,Hobbies & Recreation,"Thursday, Tuesday, Friday, Saturday, Sunday"
403,Rashid Mehmood,Female,23,Dancing (Salsa),Hobbies & Recreation,Calligraphy,Creative Skills,"Thursday, Tuesday, Friday, Saturday"
404,Saba Aslam,Male,18,Photography,Creative Skills,Web Design & Development,Technical Skills,"Wednesday, Monday, Thursday, Tuesday"
405,Ali Rehman,Male,19,Public Speaking & Presentation Skills,Languages & Communication,Baking & Cooking,Culinary Skills,"Friday, Wednesday"
406,Muhammad Rafiq,Female,21,Food Decoration,Culinary Skills,Mindfulness & Wellness,Personal Development,"Friday, Monday, Sunday"
407,Mehreen Rehman,Female,19,Baking & Cooking,Culinary Skills,Web Design & Development,Technical Skills,"Sunday, Saturday, Friday, Thursday"
408,Shireen Abbas,Male,18,Foreign Languages (English),Languages & Communication,Painting & Drawing,Creative Skills,"Tuesday, Friday, Thursday, Wednesday"
409,Danish Ahmed,Male,24,Graphic Design,Creative Skills,Programming & Software Development,Technical Skills,"Wednesday, Friday, Saturday"
410,Noor Aslam,Male,21,Event Planning,Personal Development,Programming & Software Development,Technical Skills,"Sunday, Friday, Monday, Thursday"
411,Noor Iqbal,Female,21,Writing for Business,Languages & Communication,Gardening & Landscaping,Hobbies & Recreation,"Sunday, Thursday, Monday, Saturday"
412,Noor Tariq,Male,23,Food Decoration,Culinary Skills,Gardening & Landscaping,Hobbies & Recreation,"Thursday, Friday, Saturday, Sunday"
413,Saba Ali,Female,18,Foreign Languages (English),Languages & Communication,Baking & Cooking,Culinary Skills,"Thursday, Tuesday, Sunday, Wednesday"
414,Taha Hussain,Male,18,Foreign Languages (English),Languages & Communication,Food Decoration,Culinary Skills,"Monday, Wednesday, Friday"
415,Sultan Ali,Female,23,Public Speaking & Presentation Skills,Languages & Communication,Data Analysis & Visualization,Technical Skills,"Monday, Tuesday, Friday, Saturday, Sunday"
416,Ayesha Mansoor,Male,23,Dancing (Salsa),Hobbies & Recreation,Writing for Business,Languages & Communication,"Tuesday, Thursday"
417,Sultan Abbas,Male,20,Baking & Cooking,Culinary Skills,Fitness & Yoga,Personal Development,"Tuesday, Wednesday, Friday, Sunday, Thursday"
418,Ali Akhtar,Male,23,Gardening & Landscaping,Hobbies & Recreation,Baking & Cooking,Culinary Skills,"Monday, Saturday, Wednesday, Thursday, Sunday"
419,Bilal Akhtar,Male,22,Dancing (Salsa),Hobbies & Recreation,Foreign Languages (English),Languages & Communication,"Monday, Friday"
420,Noor Akhtar,Female,23,Sewing,Hobbies & Recreation,Graphic Design,Creative Skills,"Wednesday, Thursday, Tuesday, Sunday, Saturday"
421,Shahid Abbas,Male,23,Event Planning,Personal Development,Data Analysis & Visualization,Technical Skills,"Tuesday, Friday, Monday, Wednesday"
422,Sultan Khalid,Male,19,Event Planning,Personal Development,Food Decoration,Culinary Skills,"Saturday, Tuesday"
423,Fatima Iqbal,Male,20,Baking & Cooking,Culinary Skills,Calligraphy,Creative Skills,"Thursday, Sunday, Wednesday, Tuesday"
424,Noor Arif,Female,21,Baking & Cooking,Culinary Skills,Food Decoration,Culinary Skills,"Tuesday, Wednesday"
425,Mehreen Jamil,Female,18,Baking & Cooking,Culinary Skills,Sewing,Hobbies & Recreation,"Sunday, Tuesday"
426,Hassan Ali,Female,20,Programming & Software Development,Technical Skills,IT Support & Networking,Technical Skills,"Friday, Wednesday, Tuesday, Sunday"
427,Tariq Arif,Female,21,Foreign Languages (English),Languages & Communication,Painting & Drawing,Creative Skills,"Tuesday, Sunday"
428,Bilal Qadir,Female,21,Photography,Creative Skills,IT Support & Networking,Technical Skills,"Wednesday, Sunday, Thursday, Monday, Friday"
429,Fatima Farooq,Male,23,Calligraphy,Creative Skills,Baking & Cooking,Culinary Skills,"Monday, Sunday, Wednesday, Tuesday, Saturday"
430,Naveed Hussain,Male,20,Data Analysis & Visualization,Technical Skills,Sewing,Hobbies & Recreation,"Wednesday, Tuesday, Monday, Saturday, Thursday"
431,Zubair Yousuf,Male,18,Web Design & Development,Technical Skills,Food Decoration,Culinary Skills,"Monday, Saturday, Tuesday, Thursday"
432,Omar Faraz,Female,24,Mindfulness & Wellness,Personal Development,IT Support & Networking,Technical Skills,"Thursday, Friday, Wednesday"
433,Faisal Qureshi,Male,18,Sewing,Hobbies & Recreation,Mindfulness & Wellness,Personal Development,"Wednesday, Thursday, Monday, Sunday"
434,Fatima Khan,Male,18,Calligraphy,Creative Skills,Web Design & Development,Technical Skills,"Sunday, Tuesday, Friday, Thursday, Wednesday"
435,Hina Khalid,Female,23,Sewing,Hobbies & Recreation,Painting & Drawing,Creative Skills,"Thursday, Wednesday, Friday, Sunday"
436,Laiba Anwar,Female,20,Time Management & Productivity,Personal Development,Photography,Creative Skills,"Saturday, Wednesday, Sunday, Friday, Monday"
437,Asim Shah,Male,21,Fitness & Yoga,Personal Development,Calligraphy,Creative Skills,"Friday, Wednesday"
438,Anum Aslam,Female,18,Sewing,Hobbies & Recreation,Gardening & Landscaping,Hobbies & Recreation,"Friday, Saturday, Monday, Tuesday"
439,Hina Ahmed,Male,22,Time Management & Productivity,Personal Development,IT Support & Networking,Technical Skills,"Tuesday, Friday, Thursday, Saturday, Monday"
440,Rashid Iqbal,Female,22,Web Design & Development,Technical Skills,Fitness & Yoga,Personal Development,"Sunday, Wednesday, Monday, Tuesday, Saturday"
441,Omar Aslam,Female,23,Writing for Business,Languages & Communication,Mindfulness & Wellness,Personal Development,"Wednesday, Friday, Saturday, Sunday, Tuesday"
442,Hamza Jamil,Male,22,Mindfulness & Wellness,Personal Development,Fitness & Yoga,Personal Development,"Friday, Thursday"
443,Rabia Tariq,Male,20,Mindfulness & Wellness,Personal Development,Gardening & Landscaping,Hobbies & Recreation,"Wednesday, Tuesday, Sunday"
444,Hina Faraz,Female,19,Time Management & Productivity,Personal Development,Calligraphy,Creative Skills,"Wednesday, Friday"
445,Mahira Shah,Male,19,Photography,Creative Skills,Food Decoration,Culinary Skills,"Friday, Sunday, Tuesday"
446,Sara Faraz,Male,21,Public Speaking & Presentation Skills,Languages & Communication,Sewing,Hobbies & Recreation,"Tuesday, Sunday, Friday, Monday"
447,Shahid Asad,Male,20,Food Decoration,Culinary Skills,Dancing (Salsa),Hobbies & Recreation,"Tuesday, Sunday, Saturday, Friday"
448,Rashid Tariq,Male,18,Data Analysis & Visualization,Technical Skills,Baking & Cooking,Culinary Skills,"Wednesday, Sunday, Monday, Thursday, Tuesday"
449,Sultan Rahman,Male,23,Foreign Languages (English),Languages & Communication,Sewing,Hobbies & Recreation,"Saturday, Monday, Sunday"
450,Noor Raza,Male,20,Programming & Software Development,Technical Skills,Writing for Business,Languages & Communication,"Saturday, Wednesday, Friday"
451,Bilal Rafiq,Female,23,Photography,Creative Skills,Food Decoration,Culinary Skills,"Monday, Wednesday"
452,Bilal Aslam,Female,24,Time Management & Productivity,Personal Development,Chess,Hobbies & Recreation,"Saturday, Sunday, Wednesday, Tuesday"
453,Saba Malik,Male,19,Gardening & Landscaping,Hobbies & Recreation,Chess,Hobbies & Recreation,"Wednesday, Monday, Tuesday"
454,Sania Ahmed,Female,21,Writing for Business,Languages & Communication,Web Design & Development,Technical Skills,"Wednesday, Sunday, Thursday"
455,Sultan Ali,Female,24,Sewing,Hobbies & Recreation,Dancing (Salsa),Hobbies & Recreation,"Saturday, Tuesday"
456,Asim Arif,Female,23,Photography,Creative Skills,Calligraphy,Creative Skills,"Sunday, Thursday, Saturday, Tuesday, Friday"
457,Zubair Rehman,Female,18,Baking & Cooking,Culinary Skills,Food Decoration,Culinary Skills,"Wednesday, Monday, Saturday, Tuesday"
458,Anum Sultan,Male,19,Event Planning,Personal Development,Data Analysis & Visualization,Technical Skills,"Tuesday, Wednesday"
459,Mehreen Shah,Female,21,Chess,Hobbies & Recreation,Sewing,Hobbies & Recreation,"Saturday, Tuesday"
460,Anum Ahmed,Male,21,Public Speaking & Presentation Skills,Languages & Communication,Mindfulness & Wellness,Personal Development,"Tuesday, Thursday, Sunday, Friday, Saturday"
461,Rehan Khan,Female,24,Dancing (Salsa),Hobbies & Recreation,Calligraphy,Creative Skills,"Wednesday, Saturday"
462,Farhan Farooq,Female,21,Foreign Languages (English),Languages & Communication,Sewing,Hobbies & Recreation,"Monday, Friday"
463,Zain Qureshi,Female,22,IT Support & Networking,Technical Skills,Programming & Software Development,Technical Skills,"Thursday, Friday, Saturday, Monday, Tuesday"
464,Mahira Arif,Male,18,Sewing,Hobbies & Recreation,Food Decoration,Culinary Skills,"Monday, Saturday, Sunday, Wednesday"
465,Muhammad Ali,Male,18,Gardening & Landscaping,Hobbies & Recreation,Food Decoration,Culinary Skills,"Saturday, Sunday"
466,Rehan Rafiq,Male,23,Food Decoration,Culinary Skills,IT Support & Networking,Technical Skills,"Monday, Saturday, Sunday"
467,Sania Akhtar,Male,22,Baking & Cooking,Culinary Skills,Mindfulness & Wellness,Personal Development,"Sunday, Thursday, Saturday, Friday"
468,Noor Yousuf,Male,24,Time Management & Productivity,Personal Development,Event Planning,Personal Development,"Tuesday, Monday, Sunday"
469,Sania Farooq,Male,23,Dancing (Salsa),Hobbies & Recreation,Event Planning,Personal Development,"Sunday, Monday"
470,Anum Javed,Female,18,IT Support & Networking,Technical Skills,Painting & Drawing,Creative Skills,"Monday, Sunday, Saturday, Friday, Wednesday"
471,Shireen Javed,Female,24,Sewing,Hobbies & Recreation,Food Decoration,Culinary Skills,"Tuesday, Sunday, Friday, Wednesday"
472,Tariq Akhtar,Female,20,IT Support & Networking,Technical Skills,Writing for Business,Languages & Communication,"Wednesday, Sunday, Monday, Tuesday"
473,Junaid Jamil,Female,23,Mindfulness & Wellness,Personal Development,Writing for Business,Languages & Communication,"Friday, Sunday, Saturday, Wednesday, Thursday"
474,Sara Asad,Male,19,Baking & Cooking,Culinary Skills,Foreign Languages (English),Languages & Communication,"Monday, Friday, Saturday, Sunday, Tuesday"
475,Bilal Mustafa,Male,24,Graphic Design,Creative Skills,Sewing,Hobbies & Recreation,"Friday, Monday, Wednesday, Sunday, Saturday"
476,Taha Abbas,Female,20,Event Planning,Personal Development,Fitness & Yoga,Personal Development,"Thursday, Saturday"
477,Naveed Javed,Male,23,Photography,Creative Skills,Calligraphy,Creative Skills,"Tuesday, Monday, Friday, Saturday"
478,Nida Asad,Male,23,Photography,Creative Skills,Public Speaking & Presentation Skills,Languages & Communication,"Sunday, Wednesday, Saturday, Monday"
479,Hassan Rafiq,Male,20,Food Decoration,Culinary Skills,Baking & Cooking,Culinary Skills,"Thursday, Friday, Tuesday"
480,Hamza Sultan,Male,19,Baking & Cooking,Culinary Skills,Graphic Design,Creative Skills,"Friday, Wednesday"
481,Amna Rahman,Female,23,Dancing (Salsa),Hobbies & Recreation,Data Analysis & Visualization,Technical Skills,"Sunday, Friday, Monday, Saturday"
482,Noor Raza,Male,21,Time Management & Productivity,Personal Development,Fitness & Yoga,Personal Development,"Sunday, Tuesday, Monday, Thursday, Wednesday"
483,Fatima Iqbal,Female,18,Baking & Cooking,Culinary Skills,Photography,Creative Skills,"Sunday, Saturday, Wednesday"
484,Sultan Tariq,Male,21,Time Management & Productivity,Personal Development,Photography,Creative Skills,"Monday, Saturday, Thursday, Sunday"
485,Hassan Abbas,Female,19,Food Decoration,Culinary Skills,Photography,Creative Skills,"Monday, Thursday"
486,Asim Mehmood,Female,21,Baking & Cooking,Culinary Skills,Time Management & Productivity,Personal Development,"Monday, Thursday, Saturday"
487,Fatima Qadir,Male,20,Food Decoration,Culinary Skills,Web Design & Development,Technical Skills,"Friday, Sunday"
488,Hamza Ahmed,Male,20,Graphic Design,Creative Skills,Web Design & Development,Technical Skills,"Tuesday, Sunday, Friday"
489,Hassan Abbas,Male,22,Writing for Business,Languages & Communication,Baking & Cooking,Culinary Skills,"Saturday, Thursday, Sunday"
490,Rehan Qadir,Female,20,Data Analysis & Visualization,Technical Skills,Graphic Design,Creative Skills,"Friday, Saturday, Monday, Wednesday, Sunday"
491,Saba Asad,Female,20,IT Support & Networking,Technical Skills,Food Decoration,Culinary Skills,"Wednesday, Tuesday"
492,Zara Malik,Male,20,Dancing (Salsa),Hobbies & Recreation,IT Support & Networking,Technical Skills,"Wednesday, Friday, Sunday"
493,Amna Mustafa,Male,18,Baking & Cooking,Culinary Skills,Chess,Hobbies & Recreation,"Tuesday, Thursday, Wednesday"
494,Samina Javed,Female,24,Photography,Creative Skills,Foreign Languages (English),Languages & Communication,"Wednesday, Sunday"
495,Tariq Asad,Female,20,Event Planning,Personal Development,Time Management & Productivity,Personal Development,"Friday, Thursday, Sunday"
496,Rashid Aslam,Male,20,Painting & Drawing,Creative Skills,Data Analysis & Visualization,Technical Skills,"Sunday, Friday"
497,Omar Sultan,Male,23,Web Design & Development,Technical Skills,Food Decoration,Culinary Skills,"Sunday, Friday, Wednesday, Monday"
498,Rabia Raza,Female,24,Fitness & Yoga,Personal Development,Gardening & Landscaping,Hobbies & Recreation,"Saturday, Tuesday, Sunday"
499,Iqra Aslam,Male,23,Writing for Business,Languages & Communication,Programming & Software Development,Technical Skills,"Tuesday, Monday, Sunday"
500,Bilal Faraz,Male,21,Photography,Creative Skills,Food Decoration,Culinary Skills,"Saturday, Sunday, Tuesday, Friday"
